country;latitude;longitude;name
AD;42546245;1601554;Andorra
AE;23424076;53847818;United Arab Emirates
AF;3393911;67709953;Afghanistan
AG;17060816;-61796428;Antigua and Barbuda
AI;18220554;-63068615;Anguilla
AL;41153332;20168331;Albania
AM;40069099;45038189;Armenia
AN;12226079;-69060087;Netherlands Antilles
AO;-11202692;17873887;Angola
AQ;-75250973;-0.071389;Antarctica
AR;-38416097;-63616672;Argentina
AS;-14270972;-170132217;American Samoa
AT;47516231;14550072;Austria
AU;-25274398;133775136;Australia
AW;1252111;-69968338;Aruba
AZ;40143105;47576927;Azerbaijan
BA;43915886;17679076;Bosnia and Herzegovina
BB;13193887;-59543198;Barbados
BD;23684994;90356331;Bangladesh
BE;50503887;4469936;Belgium
BF;12238333;-1561593;Burkina Faso
BG;42733883;2548583;Bulgaria
BH;25930414;50637772;Bahrain
BI;-3373056;29918886;Burundi
BJ;930769;2315834;Benin
BM;32321384;-6475737;Bermuda
BN;4535277;114727669;Brunei
BO;-16290154;-63588653;Bolivia
BR;-14235004;-5192528;Brazil
BS;2503428;-7739628;Bahamas
BT;27514162;90433601;Bhutan
BV;-54423199;3413194;Bouvet Island
BW;-22328474;24684866;Botswana
BY;53709807;27953389;Belarus
BZ;17189877;-8849765;Belize
CA;56130366;-106346771;Canada
CC;-12164165;96870956;Cocos [Keeling] Islands
CD;-4038333;21758664;Congo [DRC]
CF;6611111;20939444;Central African Republic
CG;-0.228021;15827659;Congo [Republic]
CH;46818188;8227512;Switzerland
CI;7539989;-554708;Côte d'Ivoire
CK;-21236736;-159777671;Cook Islands
CL;-35675147;-71542969;Chile
CM;7369722;12354722;Cameroon
CN;3586166;104195397;China
CO;4570868;-74297333;Colombia
CR;9748917;-83753428;Costa Rica
CU;21521757;-77781167;Cuba
CV;16002082;-24013197;Cape Verde
CX;-10447525;105690449;Christmas Island
CY;35126413;33429859;Cyprus
CZ;49817492;15472962;Czech Republic
DE;51165691;10451526;Germany
DJ;11825138;42590275;Djibouti
DK;5626392;9501785;Denmark
DM;15414999;-61370976;Dominica
DO;18735693;-70162651;Dominican Republic
DZ;28033886;1659626;Algeria
EC;-1831239;-78183406;Ecuador
EE;58595272;25013607;Estonia
EG;26820553;30802498;Egypt
EH;24215527;-12885834;Western Sahara
ER;15179384;39782334;Eritrea
ES;40463667;-374922;Spain
ET;9145;40489673;Ethiopia
FI;6192411;25748151;Finland
FJ;-16578193;179414413;Fiji
FK;-51796253;-59523613;Falkland Islands [Islas Malvinas]
FM;7425554;150550812;Micronesia
FO;61892635;-6911806;Faroe Islands
FR;46227638;2213749;France
GA;-0.803689;11609444;Gabon
GB;55378051;-3435973;United Kingdom
GD;12262776;-61604171;Grenada
GE;42315407;43356892;Georgia
GF;3933889;-53125782;French Guiana
GG;49465691;-2585278;Guernsey
GH;7946527;-1023194;Ghana
GI;36137741;-5345374;Gibraltar
GL;71706936;-42604303;Greenland
GM;13443182;-15310139;Gambia
GN;9945587;-9696645;Guinea
GP;16995971;-62067641;Guadeloupe
GQ;1650801;10267895;Equatorial Guinea
GR;39074208;21824312;Greece
GS;-54429579;-36587909;South Georgia and the South Sandwich Islands
GT;15783471;-90230759;Guatemala
GU;13444304;144793731;Guam
GW;11803749;-15180413;Guinea-Bissau
GY;4860416;-5893018;Guyana
GZ;31354676;34308825;Gaza Strip
HK;22396428;114109497;Hong Kong
HM;-5308181;73504158;Heard Island and McDonald Islands
HN;15199999;-86241905;Honduras
HR;451;152;Croatia
HT;18971187;-72285215;Haiti
HU;47162494;19503304;Hungary
ID;-0.789275;113921327;Indonesia
IE;5341291;-824389;Ireland
IL;31046051;34851612;Israel
IM;54236107;-4548056;Isle of Man
IN;20593684;7896288;India
IO;-6343194;71876519;British Indian Ocean Territory
IQ;33223191;43679291;Iraq
IR;32427908;53688046;Iran
IS;64963051;-19020835;Iceland
IT;4187194;1256738;Italy
JE;49214439;-213125;Jersey
JM;18109581;-77297508;Jamaica
JO;30585164;36238414;Jordan
JP;36204824;138252924;Japan
KE;-0.023559;37906193;Kenya
KG;4120438;74766098;Kyrgyzstan
KH;12565679;104990963;Cambodia
KI;-3370417;-168734039;Kiribati
KM;-11875001;43872219;Comoros
KN;17357822;-62782998;Saint Kitts and Nevis
KP;40339852;127510093;North Korea
KR;35907757;127766922;South Korea
KW;2931166;47481766;Kuwait
KY;19513469;-80566956;Cayman Islands
KZ;48019573;66923684;Kazakhstan
LA;1985627;102495496;Laos
LB;33854721;35862285;Lebanon
LC;13909444;-60978893;Saint Lucia
LI;47166;9555373;Liechtenstein
LK;7873054;80771797;Sri Lanka
LR;6428055;-9429499;Liberia
LS;-29609988;28233608;Lesotho
LT;55169438;23881275;Lithuania
LU;49815273;6129583;Luxembourg
LV;56879635;24603189;Latvia
LY;263351;17228331;Libya
MA;31791702;-709262;Morocco
MC;43750298;7412841;Monaco
MD;47411631;28369885;Moldova
ME;42708678;1937439;Montenegro
MG;-18766947;46869107;Madagascar
MH;7131474;171184478;Marshall Islands
MK;41608635;21745275;Macedonia [FYROM]
ML;17570692;-3996166;Mali
MM;21913965;95956223;Myanmar [Burma]
MN;46862496;103846656;Mongolia
MO;22198745;113543873;Macau
MP;1733083;14538469;Northern Mariana Islands
MQ;14641528;-61024174;Martinique
MR;2100789;-10940835;Mauritania
MS;16742498;-62187366;Montserrat
MT;35937496;14375416;Malta
MU;-20348404;57552152;Mauritius
MV;3202778;7322068;Maldives
MW;-13254308;34301525;Malawi
MX;23634501;-102552784;Mexico
MY;4210484;101975766;Malaysia
MZ;-18665695;35529562;Mozambique
NA;-2295764;1849041;Namibia
NC;-20904305;165618042;New Caledonia
NE;17607789;8081666;Niger
NF;-29040835;167954712;Norfolk Island
NG;9081999;8675277;Nigeria
NI;12865416;-85207229;Nicaragua
NL;52132633;5291266;Netherlands
NO;60472024;8468946;Norway
NP;28394857;84124008;Nepal
NR;-0.522778;166931503;Nauru
NU;-19054445;-169867233;Niue
NZ;-40900557;174885971;New Zealand
OM;21512583;55923255;Oman
PA;8537981;-80782127;Panama
PE;-9189967;-75015152;Peru
PF;-17679742;-149406843;French Polynesia
PG;-6314993;14395555;Papua New Guinea
PH;12879721;121774017;Philippines
PK;30375321;69345116;Pakistan
PL;51919438;19145136;Poland
PM;46941936;-5627111;Saint Pierre and Miquelon
PN;-24703615;-127439308;Pitcairn Islands
PR;18220833;-66590149;Puerto Rico
PS;31952162;35233154;Palestinian Territories
PT;39399872;-8224454;Portugal
PW;751498;13458252;Palau
PY;-23442503;-58443832;Paraguay
QA;25354826;51183884;Qatar
RE;-21115141;55536384;Réunion
RO;45943161;2496676;Romania
RS;44016521;21005859;Serbia
RU;6152401;105318756;Russia
RW;-1940278;29873888;Rwanda
SA;23885942;45079162;Saudi Arabia
SB;-964571;160156194;Solomon Islands
SC;-4679574;55491977;Seychelles
SD;12862807;30217636;Sudan
SE;60128161;18643501;Sweden
SG;1352083;103819836;Singapore
SH;-24143474;-10030696;Saint Helena
SI;46151241;14995463;Slovenia
SJ;77553604;23670272;Svalbard and Jan Mayen
SK;48669026;19699024;Slovakia
SL;8460555;-11779889;Sierra Leone
SM;4394236;12457777;San Marino
SN;14497401;-14452362;Senegal
SO;5152149;46199616;Somalia
SR;3919305;-56027783;Suriname
ST;0.18636;6613081;São Tomé and Príncipe
SV;13794185;-8889653;El Salvador
SY;34802075;38996815;Syria
SZ;-26522503;31465866;Swaziland
TC;21694025;-71797928;Turks and Caicos Islands
TD;15454166;18732207;Chad
TF;-49280366;69348557;French Southern Territories
TG;8619543;0.824782;Togo
TH;15870032;100992541;Thailand
TJ;38861034;71276093;Tajikistan
TK;-8967363;-171855881;Tokelau
TL;-8874217;125727539;Timor-Leste
TM;38969719;59556278;Turkmenistan
TN;33886917;9537499;Tunisia
TO;-21178986;-175198242;Tonga
TR;38963745;35243322;Turkey
TT;10691803;-61222503;Trinidad and Tobago
TV;-7109535;17764933;Tuvalu
TW;2369781;120960515;Taiwan
TZ;-6369028;34888822;Tanzania
UA;48379433;3116558;Ukraine
UG;1373333;32290275;Uganda
US;3709024;-95712891;United States
UY;-32522779;-55765835;Uruguay
UZ;41377491;64585262;Uzbekistan
VA;41902916;12453389;Vatican City
VC;12984305;-61287228;Saint Vincent and the Grenadines
VE;642375;-6658973;Venezuela
VG;18420695;-64639968;British Virgin Islands
VI;18335765;-64896335;U.S. Virgin Islands
VN;14058324;108277199;Vietnam
VU;-15376706;166959158;Vanuatu
WF;-13768752;-177156097;Wallis and Futuna
WS;-13759029;-172104629;Samoa
XK;42602636;20902977;Kosovo
YE;15552727;48516388;Yemen
YT;-128275;45166244;Mayotte
ZA;-30559482;22937506;South Africa
ZM;-13133897;27849332;Zambia
ZW;-19015438;29154857;Zimbabwe
